Sample,Raw Reads,On-Target Reads,%On-Target,%GT,IFI,Ots17_1488679_C6
negative_11_CGGATG_TCTCGG_S95_R1_001,538898,2,0.00,0.00,0.00,00,
negative_13_AACTTA_TCTCGG_S287_R1_001,907414,11,0.00,100.00,10.00,GG,
OtsAC20SILR_0001_CGGATG_AATGAG_S49_R1_001,463924,986,0.21,0.00,14.12,00,
OtsAC20SILR_0002_CGGATG_AGTAGG_S50_R1_001,470616,1181,0.25,0.00,14.00,00,
OtsAC20SILR_0003_CGGATG_CCATTT_S51_R1_001,531758,1887,0.35,0.00,10.61,00,
OtsAC20SILR_0004_CGGATG_CTACAG_S52_R1_001,446179,1209,0.27,100.00,8.24,GG,
OtsAC20SILR_0005_CGGATG_GCAGAT_S53_R1_001,372685,1293,0.35,100.00,5.29,GG,
OtsAC20SILR_0006_CGGATG_GTAAGT_S54_R1_001,344659,1091,0.32,100.00,4.40,GG,
OtsAC20SILR_0007_CGGATG_TCAAAG_S55_R1_001,371031,1156,0.31,100.00,5.19,GG,
OtsAC20SILR_0008_CGGATG_TTATGA_S56_R1_001,413721,1145,0.28,100.00,6.22,GG,
OtsAC20SILR_0009_CGGATG_ACAAGA_S57_R1_001,731633,1892,0.26,0.00,13.98,00,
OtsAC20SILR_0010_CGGATG_AGTTAA_S58_R1_001,429247,1041,0.24,100.00,9.69,GG,
OtsAC20SILR_0011_CGGATG_CCCGGT_S59_R1_001,501181,1631,0.33,100.00,9.61,GG,
OtsAC20SILR_0012_CGGATG_CTCGCC_S60_R1_001,323795,1060,0.33,0.00,10.42,00,
OtsAC20SILR_0013_CGGATG_GCATGG_S61_R1_001,371049,1074,0.29,0.00,10.84,00,
OtsAC20SILR_0014_CGGATG_GTATCC_S62_R1_001,256110,770,0.30,100.00,8.76,GG,
OtsAC20SILR_0015_CGGATG_TCCTGC_S63_R1_001,470791,986,0.21,0.00,10.66,00,
OtsAC20SILR_0016_CGGATG_TTCCGT_S64_R1_001,496425,1860,0.37,0.00,14.89,00,
OtsAC20SILR_0017_CGGATG_ACAGCG_S65_R1_001,477400,1350,0.28,100.00,9.05,GG,
OtsAC20SILR_0018_CGGATG_ATAGTA_S66_R1_001,663200,1602,0.24,100.00,5.46,GG,
OtsAC20SILR_0019_CGGATG_CCCTAA_S67_R1_001,316222,1163,0.37,100.00,0.09,GG,
OtsAC20SILR_0020_CGGATG_CTGCGA_S68_R1_001,326462,1525,0.47,100.00,7.32,GG,
OtsAC20SILR_0021_CGGATG_GCCGTA_S69_R1_001,255495,748,0.29,100.00,10.00,GG,
OtsAC20SILR_0022_CGGATG_GTCATC_S70_R1_001,501697,1636,0.33,100.00,8.27,GG,
OtsAC20SILR_0023_CGGATG_TCGATT_S71_R1_001,811050,2202,0.27,0.00,14.99,00,
OtsAC20SILR_0024_CGGATG_TTCTAG_S72_R1_001,358118,1215,0.34,0.00,10.25,00,
OtsAC20SILR_0025_CGGATG_ACATAC_S73_R1_001,691148,2039,0.30,0.00,12.40,00,
OtsAC20SILR_0026_CGGATG_ATCAAA_S74_R1_001,380855,774,0.20,0.00,12.99,00,
OtsAC20SILR_0027_CGGATG_CCGAGG_S75_R1_001,442544,1224,0.28,0.00,11.68,00,
OtsAC20SILR_0028_CGGATG_CTGGTT_S76_R1_001,365145,1086,0.30,0.00,12.89,00,
OtsAC20SILR_0029_CGGATG_GCGACC_S77_R1_001,343067,1121,0.33,0.00,11.10,00,
OtsAC20SILR_0030_CGGATG_GTGCCT_S78_R1_001,561155,1393,0.25,0.00,10.73,00,
OtsAC20SILR_0031_CGGATG_TCGCCA_S79_R1_001,631502,1875,0.30,100.00,5.34,GG,
OtsAC20SILR_0032_CGGATG_TTGAGC_S80_R1_001,430912,1664,0.39,0.00,14.44,00,
OtsAC20SILR_0033_CGGATG_ACCATG_S81_R1_001,664145,1660,0.25,0.00,12.54,00,
OtsAC20SILR_0034_CGGATG_ATGCAC_S82_R1_001,420845,1050,0.25,0.00,11.23,00,
OtsAC20SILR_0035_CGGATG_CCGCAT_S83_R1_001,587181,1492,0.25,100.00,5.67,GG,
OtsAC20SILR_0036_CGGATG_CTTATG_S84_R1_001,499832,1085,0.22,100.00,9.71,GG,
OtsAC20SILR_0037_CGGATG_GCGCTG_S85_R1_001,235397,545,0.23,0.00,12.60,00,
OtsAC20SILR_0038_CGGATG_GTGTAA_S86_R1_001,457086,1598,0.35,0.00,11.05,00,
OtsAC20SILR_0039_CGGATG_TCGGAC_S87_R1_001,491718,911,0.19,0.00,11.92,00,
OtsAC20SILR_0040_CGGATG_TTTAAT_S88_R1_001,744141,3892,0.52,0.00,13.83,00,
OtsAC20SILR_0041_CGGATG_ACCCCC_S89_R1_001,662473,1782,0.27,0.00,13.29,00,
OtsAC20SILR_0042_CGGATG_ATGTTG_S90_R1_001,498734,1524,0.31,0.00,12.72,00,
OtsAC20SILR_0043_CGGATG_CCTAAC_S91_R1_001,621477,1716,0.28,0.00,18.59,00,
OtsAC20SILR_0044_AACTTA_AAACGG_S193_R1_001,838626,7886,0.94,0.00,10.98,00,
OtsAC20SILR_0044_CGGATG_CTTTGC_S92_R1_001,388484,1013,0.26,0.00,11.93,00,
OtsAC20SILR_0045_AACTTA_ACTCTT_S194_R1_001,735622,3929,0.53,0.00,11.68,00,
OtsAC20SILR_0046_AACTTA_ATTCCG_S195_R1_001,575125,4832,0.84,0.00,10.19,00,
OtsAC20SILR_0047_AACTTA_CGAGGC_S196_R1_001,839224,4541,0.54,0.00,12.37,00,
OtsAC20SILR_0048_AACTTA_GAAATG_S197_R1_001,1436391,9176,0.64,0.00,14.76,00,
OtsAC20SILR_0049_AACTTA_GGACTT_S198_R1_001,1437588,10377,0.72,0.00,12.73,00,
OtsAC20SILR_0050_AACTTA_TAAGCT_S199_R1_001,994963,6729,0.68,100.00,5.67,GG,
OtsAC20SILR_0051_AACTTA_TCTTCT_S200_R1_001,1509916,15117,1.00,0.00,11.19,00,
OtsAC20SILR_0052_AACTTA_AACGTT_S201_R1_001,1149639,6212,0.54,0.00,16.79,00,
OtsAC20SILR_0053_AACTTA_ACTGGC_S202_R1_001,270739,1389,0.51,100.00,6.76,GG,
OtsAC20SILR_0054_AACTTA_CAAAAA_S203_R1_001,675627,3324,0.49,0.00,14.11,00,
OtsAC20SILR_0055_AACTTA_CGCAGA_S204_R1_001,912968,3770,0.41,100.00,9.72,GG,
OtsAC20SILR_0056_AACTTA_GAACCA_S205_R1_001,785716,3270,0.42,0.00,11.72,00,
OtsAC20SILR_0057_AACTTA_GGCAAG_S206_R1_001,732841,3141,0.43,0.00,10.72,00,
OtsAC20SILR_0058_AACTTA_TAATTC_S207_R1_001,352589,1366,0.39,0.00,11.51,00,
OtsAC20SILR_0059_AACTTA_TGAACC_S208_R1_001,995809,7565,0.76,100.00,5.89,GG,
OtsAC20SILR_0060_AACTTA_AACTGA_S209_R1_001,1282658,6979,0.54,0.00,14.35,00,
OtsAC20SILR_0061_AACTTA_AGCCAT_S210_R1_001,408603,1654,0.40,0.00,14.15,00,
OtsAC20SILR_0062_AACTTA_CAATCG_S211_R1_001,433247,1798,0.42,0.00,16.60,00,
OtsAC20SILR_0063_AACTTA_CGCGTG_S212_R1_001,549677,2747,0.50,0.00,15.27,00,
OtsAC20SILR_0064_AACTTA_GACGAC_S213_R1_001,1022581,5001,0.49,0.00,15.60,00,
OtsAC20SILR_0065_AACTTA_GGGCGC_S214_R1_001,440607,326,0.07,100.00,9.76,GG,
OtsAC20SILR_0066_AACTTA_TACACA_S215_R1_001,339678,1473,0.43,0.00,16.72,00,
OtsAC20SILR_0067_AACTTA_TGACAA_S216_R1_001,568957,403,0.07,0.00,12.57,00,
OtsAC20SILR_0068_AACTTA_AAGACG_S217_R1_001,986967,5695,0.58,0.00,13.67,00,
OtsAC20SILR_0069_AACTTA_AGCGCA_S218_R1_001,728860,2971,0.41,0.00,17.62,00,
OtsAC20SILR_0070_AACTTA_CACCTC_S219_R1_001,672101,2766,0.41,0.00,16.32,00,
OtsAC20SILR_0071_AACTTA_CGGTCC_S220_R1_001,707370,4241,0.60,100.00,9.96,GG,
OtsAC20SILR_0072_AACTTA_GACTCT_S221_R1_001,475591,2156,0.45,100.00,5.22,GG,
OtsAC20SILR_0073_AACTTA_GGGGCG_S222_R1_001,610596,2625,0.43,0.00,15.33,00,
OtsAC20SILR_0074_AACTTA_TACGGG_S223_R1_001,1112625,4195,0.38,0.00,14.06,00,
OtsAC20SILR_0075_AACTTA_TGCCCG_S224_R1_001,484550,3334,0.69,0.00,12.79,00,
OtsAC20SILR_0076_AACTTA_AAGCTA_S225_R1_001,1899768,10803,0.57,0.00,16.21,00,
OtsAC20SILR_0077_AACTTA_AGGGTC_S226_R1_001,402684,1460,0.36,0.00,11.03,00,
OtsAC20SILR_0078_AACTTA_CAGGCA_S227_R1_001,297279,1358,0.46,0.00,12.98,00,
OtsAC20SILR_0079_AACTTA_CGTCTA_S228_R1_001,328164,1392,0.42,100.00,5.69,GG,
OtsAC20SILR_0080_AACTTA_GAGAGA_S229_R1_001,465115,1802,0.39,0.00,10.48,00,
OtsAC20SILR_0081_AACTTA_GGTACA_S230_R1_001,521067,2163,0.42,0.00,17.05,00,
OtsAC20SILR_0082_AACTTA_TAGTAT_S231_R1_001,568316,2129,0.37,0.00,14.28,00,
OtsAC20SILR_0083_AACTTA_TGCTTA_S232_R1_001,1066228,7472,0.70,0.00,13.44,00,
OtsAC20SILR_0084_AACTTA_AATATC_S233_R1_001,622132,3624,0.58,0.00,11.58,00,
OtsAC20SILR_0085_AACTTA_AGGTGT_S234_R1_001,634674,2711,0.43,0.00,16.65,00,
OtsAC20SILR_0086_AACTTA_CATACT_S235_R1_001,787283,3334,0.42,0.00,10.07,00,
OtsAC20SILR_0087_AACTTA_CGTGAT_S236_R1_001,499700,2658,0.53,0.00,14.32,00,
OtsAC20SILR_0088_AACTTA_AATCGT_S237_R1_001,582723,2283,0.39,0.00,13.98,00,
OtsAC20SILR_0089_AACTTA_GGTTTG_S238_R1_001,408654,2035,0.50,0.00,16.75,00,
OtsAC20SILR_0090_AACTTA_TATCAC_S239_R1_001,449842,1962,0.44,0.00,13.48,00,
OtsAC20SILR_0091_AACTTA_TGGGGA_S240_R1_001,910789,5921,0.65,0.00,14.17,00,
OtsAC20SILR_0092_AACTTA_AATGAG_S241_R1_001,832457,5273,0.63,0.00,13.40,00,
OtsAC20SILR_0093_AACTTA_AGTAGG_S242_R1_001,137731,496,0.36,100.00,0.00,GT,
OtsAC20SILR_0094_AACTTA_CCATTT_S243_R1_001,314985,1753,0.56,0.00,12.23,00,
OtsAC20SILR_0095_AACTTA_CTACAG_S244_R1_001,240730,1275,0.53,0.00,10.58,00,
OtsAC20SILR_0096_AACTTA_GCAGAT_S245_R1_001,462346,2448,0.53,0.00,16.79,00,
OtsAC20SILR_0097_AACTTA_GTAAGT_S246_R1_001,335262,1684,0.50,100.00,7.95,GG,
OtsAC20SILR_0098_AACTTA_TCAAAG_S247_R1_001,420498,1641,0.39,0.00,12.32,00,
OtsAC20SILR_0099_AACTTA_TTATGA_S248_R1_001,756529,5344,0.71,100.00,5.65,GG,
OtsAC20SILR_0100_AACTTA_ACAAGA_S249_R1_001,1097973,7711,0.70,0.00,12.36,00,
OtsAC20SILR_0101_AACTTA_AGTTAA_S250_R1_001,1222668,6405,0.52,0.00,17.44,00,
OtsAC20SILR_0102_AACTTA_CCCGGT_S251_R1_001,222987,1105,0.50,0.00,14.63,00,
OtsAC20SILR_0103_AACTTA_CTCGCC_S252_R1_001,521138,3139,0.60,100.00,3.36,GG,
OtsAC20SILR_0104_AACTTA_GCATGG_S253_R1_001,396805,2248,0.57,100.00,7.61,GG,
OtsAC20SILR_0105_AACTTA_GTATCC_S254_R1_001,368861,1733,0.47,100.00,5.67,GG,
OtsAC20SILR_0106_AACTTA_TCCTGC_S255_R1_001,465062,2179,0.47,0.00,14.08,00,
OtsAC20SILR_0107_AACTTA_TTCCGT_S256_R1_001,878648,5613,0.64,0.00,11.63,00,
OtsAC20SILR_0108_AACTTA_ACAGCG_S257_R1_001,671626,3934,0.59,100.00,6.58,GG,
OtsAC20SILR_0109_AACTTA_ATAGTA_S258_R1_001,495356,2145,0.43,0.00,13.19,00,
OtsAC20SILR_0110_AACTTA_CCCTAA_S259_R1_001,277945,1306,0.47,0.00,13.07,00,
OtsAC20SILR_0111_AACTTA_CTGCGA_S260_R1_001,381081,2224,0.58,100.00,8.86,GG,
OtsAC20SILR_0112_AACTTA_GCCGTA_S261_R1_001,455937,2097,0.46,0.00,15.41,00,
OtsAC20SILR_0113_AACTTA_GTCATC_S262_R1_001,714592,3588,0.50,0.00,14.82,00,
OtsAC20SILR_0114_AACTTA_TCGATT_S263_R1_001,644905,2586,0.40,0.00,14.73,00,
OtsAC20SILR_0115_AACTTA_TTCTAG_S264_R1_001,1019359,7421,0.73,0.00,12.90,00,
OtsAC20SILR_0116_AACTTA_ACATAC_S265_R1_001,474240,2570,0.54,0.00,14.43,00,
OtsAC20SILR_0117_AACTTA_ATCAAA_S266_R1_001,648804,2737,0.42,100.00,8.87,GG,
OtsAC20SILR_0118_AACTTA_CCGAGG_S267_R1_001,308713,1498,0.49,100.00,4.76,GG,
OtsAC20SILR_0119_AACTTA_CTGGTT_S268_R1_001,554286,3075,0.55,0.00,14.48,00,
OtsAC20SILR_0120_AACTTA_GCGACC_S269_R1_001,494885,2134,0.43,100.00,7.29,GG,
OtsAC20SILR_0121_AACTTA_GTGCCT_S270_R1_001,468547,2230,0.48,100.00,6.34,GG,
OtsAC20SILR_0122_AACTTA_TCGCCA_S271_R1_001,304154,1440,0.47,0.00,13.03,00,
OtsAC20SILR_0123_AACTTA_TTGAGC_S272_R1_001,706670,3969,0.56,100.00,0.15,GG,
OtsAC20SILR_0124_AACTTA_ACCATG_S273_R1_001,73818,362,0.49,0.00,14.20,00,
OtsAC20SILR_0125_AACTTA_ATGCAC_S274_R1_001,720480,3134,0.43,0.00,12.98,00,
OtsAC20SILR_0126_AACTTA_CCGCAT_S275_R1_001,681575,3849,0.56,0.00,15.72,00,
OtsAC20SILR_0127_AACTTA_CTTATG_S276_R1_001,787910,3224,0.41,0.00,10.26,00,
OtsAC20SILR_0128_AACTTA_GCGCTG_S277_R1_001,336840,1480,0.44,100.00,4.89,GG,
OtsAC20SILR_0129_AACTTA_GTGTAA_S278_R1_001,479774,1788,0.37,0.00,15.80,00,
OtsAC20SILR_0130_AACTTA_TCGGAC_S279_R1_001,463131,1997,0.43,100.00,5.55,GG,
OtsAC20SILR_0131_AACTTA_TTTAAT_S280_R1_001,608522,4990,0.82,0.00,10.30,00,
OtsAC20SILR_0132_AACTTA_ACCCCC_S281_R1_001,1422007,20538,1.44,100.00,6.96,GG,
OtsAC20SILR_0133_AACTTA_ATGTTG_S282_R1_001,465723,3276,0.70,0.00,10.90,00,
OtsAC20SILR_0134_AACTTA_CCTAAC_S283_R1_001,358664,3152,0.88,100.00,5.74,GG,
OtsAC20SILR_0135_AACTTA_CTTTGC_S284_R1_001,581565,2886,0.50,0.00,11.00,00,
OtsAC20SILR_0136_AACTTA_GCTCAA_S285_R1_001,759430,6764,0.89,0.00,11.27,00,
OtsAC20SILR_0137_AACTTA_GTTGGA_S286_R1_001,831653,7729,0.93,100.00,5.27,GG,
OtsAC20SILR_1001_CGGATG_GCTCAA_S93_R1_001,518999,658,0.13,0.00,11.53,00,
OtsAC20TRAR_0001_CGGATG_AAACGG_S1_R1_001,721703,3194,0.44,100.00,0.19,GG,
OtsAC20TRAR_0002_CGGATG_ACTCTT_S2_R1_001,798041,2831,0.35,0.00,17.62,00,
OtsAC20TRAR_0003_CGGATG_ATTCCG_S3_R1_001,1102870,6162,0.56,0.00,14.96,00,
OtsAC20TRAR_0004_CGGATG_CGAGGC_S4_R1_001,1100087,4379,0.40,0.00,15.54,00,
OtsAC20TRAR_0005_CGGATG_GAAATG_S5_R1_001,921986,1759,0.19,100.00,0.00,GT,
OtsAC20TRAR_0006_CGGATG_GGACTT_S6_R1_001,1310156,6805,0.52,0.00,17.61,00,
OtsAC20TRAR_0007_CGGATG_TAAGCT_S7_R1_001,1018824,7365,0.72,0.00,13.27,00,
OtsAC20TRAR_0008_CGGATG_TCTTCT_S8_R1_001,1959002,18569,0.95,0.00,11.60,00,
OtsAC20TRAR_0009_CGGATG_AACGTT_S9_R1_001,1168159,5784,0.50,100.00,7.33,GG,
OtsAC20TRAR_0010_CGGATG_ACTGGC_S10_R1_001,679167,2550,0.38,100.00,4.34,GG,
OtsAC20TRAR_0011_CGGATG_CAAAAA_S11_R1_001,788200,1068,0.14,100.00,0.00,GT,
OtsAC20TRAR_0012_CGGATG_CGCAGA_S12_R1_001,872704,1679,0.19,100.00,0.00,GT,
OtsAC20TRAR_0013_CGGATG_GAACCA_S13_R1_001,985139,1792,0.18,100.00,0.00,GT,
OtsAC20TRAR_0014_CGGATG_GGCAAG_S14_R1_001,538760,1536,0.29,0.00,12.20,00,
OtsAC20TRAR_0015_CGGATG_TAATTC_S15_R1_001,931723,2271,0.24,100.00,5.53,GG,
OtsAC20TRAR_0016_CGGATG_TGAACC_S16_R1_001,861519,6085,0.71,0.00,10.76,00,
OtsAC20TRAR_0017_CGGATG_AACTGA_S17_R1_001,625034,1597,0.26,0.00,11.76,00,
OtsAC20TRAR_0018_CGGATG_AGCCAT_S18_R1_001,601878,1791,0.30,100.00,8.41,GG,
OtsAC20TRAR_0019_CGGATG_CAATCG_S19_R1_001,597239,2084,0.35,0.00,10.50,00,
OtsAC20TRAR_0020_CGGATG_CGCGTG_S20_R1_001,438251,1552,0.35,100.00,8.84,GG,
OtsAC20TRAR_0021_CGGATG_GACGAC_S21_R1_001,563443,1335,0.24,100.00,9.43,GG,
OtsAC20TRAR_0022_CGGATG_GGGCGC_S22_R1_001,670716,1847,0.28,100.00,5.54,GG,
OtsAC20TRAR_0023_CGGATG_TACACA_S23_R1_001,577665,1795,0.31,100.00,9.85,GG,
OtsAC20TRAR_0024_CGGATG_TGACAA_S24_R1_001,621823,2939,0.47,0.00,13.65,00,
OtsAC20TRAR_0025_CGGATG_AAGACG_S25_R1_001,600414,2068,0.34,100.00,4.66,GG,
OtsAC20TRAR_0026_CGGATG_AGCGCA_S26_R1_001,561774,415,0.07,0.00,19.25,00,
OtsAC20TRAR_0027_CGGATG_CACCTC_S27_R1_001,576200,1165,0.20,0.00,14.89,00,
OtsAC20TRAR_0028_CGGATG_CGGTCC_S28_R1_001,488298,839,0.17,0.00,16.69,00,
OtsAC20TRAR_0029_CGGATG_GACTCT_S29_R1_001,455953,1450,0.32,100.00,9.19,GG,
OtsAC20TRAR_0030_CGGATG_GGGGCG_S30_R1_001,457595,1347,0.29,100.00,0.37,GG,
OtsAC20TRAR_0031_CGGATG_TACGGG_S31_R1_001,693150,1582,0.23,0.00,15.22,00,
OtsAC20TRAR_0032_CGGATG_TGCCCG_S32_R1_001,517945,2305,0.45,100.00,6.66,GG,
OtsAC20TRAR_0033_CGGATG_AAGCTA_S33_R1_001,537317,804,0.15,100.00,9.54,GG,
OtsAC20TRAR_0034_CGGATG_AGGGTC_S34_R1_001,523958,1316,0.25,0.00,12.48,00,
OtsAC20TRAR_0035_CGGATG_CAGGCA_S35_R1_001,618942,2069,0.33,100.00,0.10,GG,
OtsAC20TRAR_0036_CGGATG_CGTCTA_S36_R1_001,363662,1229,0.34,100.00,4.42,GG,
OtsAC20TRAR_0037_CGGATG_GAGAGA_S37_R1_001,567317,1211,0.21,100.00,9.00,GG,
OtsAC20TRAR_0038_CGGATG_GGTACA_S38_R1_001,400699,1038,0.26,100.00,7.34,GG,
OtsAC20TRAR_0039_CGGATG_TAGTAT_S39_R1_001,826478,2143,0.26,0.00,10.86,00,
OtsAC20TRAR_0040_CGGATG_TGCTTA_S40_R1_001,529522,2602,0.49,100.00,5.73,GG,
OtsAC20TRAR_0041_CGGATG_AATATC_S41_R1_001,612275,1554,0.25,100.00,6.15,GG,
OtsAC20TRAR_0042_CGGATG_AGGTGT_S42_R1_001,536659,752,0.14,0.00,16.23,00,
OtsAC20TRAR_0043_CGGATG_CATACT_S43_R1_001,425448,1422,0.33,0.00,13.04,00,
OtsAC20TRAR_0044_CGGATG_CGTGAT_S44_R1_001,409963,1605,0.39,0.00,11.54,00,
OtsAC20TRAR_0045_CGGATG_AATCGT_S45_R1_001,722721,2444,0.34,100.00,9.25,GG,
OtsAC20TRAR_0046_CGGATG_GGTTTG_S46_R1_001,317809,1191,0.37,100.00,7.69,GG,
OtsAC20TRAR_0047_CGGATG_TATCAC_S47_R1_001,545224,1205,0.22,100.00,0.92,GG,
OtsAC20TRAR_0048_CGGATG_TGGGGA_S48_R1_001,393492,1336,0.34,100.00,5.03,GG,
positive12_CGGATG_TTTGTC_S96_R1_001,823529,4892,0.59,0.00,10.58,00,
positive2_CGGATG_GTTGGA_S94_R1_001,462561,1565,0.34,100.00,9.67,GG,
positive9_AACTTA_TTTGTC_S288_R1_001,847997,10463,1.23,100.00,7.02,GG,